Filename,Actual,Predicted
000000.jpg,14,17.270449
000001.jpg,30,32.19224
000002.jpg,39,39.466827
000003.jpg,19,26.019127
000004.jpg,49,39.847054
000005.jpg,38,28.315376
000006.jpg,16,20.747435
000007.jpg,18,17.723244
000008.jpg,60,50.139805
000009.jpg,23,25.070082
000010.jpg,38,33.596413
000011.jpg,22,26.058367
000012.jpg,28,21.309551
000013.jpg,36,33.760033
000014.jpg,17,18.10909
000015.jpg,44,40.904903
000016.jpg,29,23.989338
000017.jpg,28,30.185617
000018.jpg,45,39.00536
000019.jpg,33,21.06113
000020.jpg,35,36.18472
000021.jpg,21,30.309025
000022.jpg,17,20.254848
000023.jpg,30,22.724533
000024.jpg,16,25.05116
000025.jpg,73,63.663647
000026.jpg,27,24.183388
000027.jpg,25,39.50058
000028.jpg,16,24.65095
000029.jpg,52,39.104103
000030.jpg,75,65.03134
000031.jpg,27,26.513136
000032.jpg,16,15.947186
000033.jpg,49,28.117537
000034.jpg,48,48.220215
000035.jpg,83,68.87808
000036.jpg,26,32.876114
000037.jpg,28,27.828077
000038.jpg,5,4.929977
000039.jpg,17,27.377047
000040.jpg,14,15.178382
000041.jpg,18,19.531826
000042.jpg,23,25.46641
000043.jpg,39,28.43289
000044.jpg,18,24.466688
000045.jpg,30,36.521694
000046.jpg,16,24.617952
000047.jpg,30,34.791878
000048.jpg,20,22.244751
000049.jpg,40,47.61279
000050.jpg,1,6.41798
000051.jpg,42,30.425814
000052.jpg,46,46.87379
000053.jpg,30,28.673775
000054.jpg,52,45.483173
000055.jpg,27,25.699678
000056.jpg,28,24.591188
000057.jpg,24,31.330532
000058.jpg,21,24.103756
000059.jpg,14,22.74103
000060.jpg,57,50.75354
000061.jpg,26,29.35423
000062.jpg,39,27.890781
000063.jpg,22,17.410936
000064.jpg,70,57.522377
000065.jpg,6,3.1493356
000066.jpg,33,36.443546
000067.jpg,20,23.478886
000068.jpg,71,65.55759
000069.jpg,40,23.758944
000070.jpg,22,25.370375
000071.jpg,21,31.02635
000072.jpg,38,27.604864
000073.jpg,25,35.272175
000074.jpg,26,32.160004
000075.jpg,24,26.126848
000076.jpg,15,22.986376
000077.jpg,19,25.153973
000078.jpg,20,29.415176
000079.jpg,31,33.965355
000080.jpg,1,6.5570116
000081.jpg,40,42.81835
000082.jpg,26,30.996044
000083.jpg,34,46.617496
000084.jpg,26,24.71856
000085.jpg,16,14.220873
000086.jpg,52,34.509735
000087.jpg,27,34.635662
000088.jpg,27,34.670586
000089.jpg,23,14.896591
000090.jpg,90,72.083824
000091.jpg,42,34.064915
000092.jpg,50,43.643047
000093.jpg,14,20.884995
000094.jpg,30,20.626133
000095.jpg,20,26.783184
000096.jpg,30,32.586098
000097.jpg,30,22.873777
000098.jpg,43,28.60833
000099.jpg,32,31.303263
000100.jpg,15,23.56803
000101.jpg,32,37.29147
000102.jpg,29,24.615446
000103.jpg,54,29.680874
000104.jpg,50,40.77356
000105.jpg,35,30.033243
000106.jpg,16,17.80811
000107.jpg,64,56.04562
000108.jpg,34,39.717525
000109.jpg,35,30.905165
000110.jpg,1,20.138483
000111.jpg,19,20.690594
000112.jpg,49,37.660313
000113.jpg,20,27.787903
000114.jpg,25,18.218332
000115.jpg,29,36.01715
000116.jpg,15,17.428343
000117.jpg,19,25.199839
000118.jpg,29,37.98567
000119.jpg,1,3.0858545
000120.jpg,17,26.048311
000121.jpg,22,28.400223
000122.jpg,39,37.576443
000123.jpg,37,36.9435
000124.jpg,44,43.972755
000125.jpg,32,22.052916
000126.jpg,1,1.4754132
000127.jpg,18,26.099146
000128.jpg,1,6.563208
000129.jpg,25,30.954393
000130.jpg,4,8.493784
000131.jpg,50,50.772556
000132.jpg,14,19.274149
000133.jpg,14,18.487719
000134.jpg,80,77.68105
000135.jpg,75,63.864864
000136.jpg,9,13.452034
000137.jpg,50,40.44286
000138.jpg,23,20.270828
000139.jpg,54,50.918896
000140.jpg,35,30.472982
000141.jpg,32,29.781971
000142.jpg,18,17.080416
000143.jpg,15,21.03906
000144.jpg,20,19.613993
000145.jpg,15,20.60401
000146.jpg,33,30.72219
000147.jpg,54,38.66289
000148.jpg,33,34.730526
000149.jpg,30,36.245907
000150.jpg,29,15.059216
000151.jpg,25,28.973738
000152.jpg,22,29.637207
000153.jpg,5,5.8680644
000154.jpg,37,31.06824
000155.jpg,24,45.02359
000156.jpg,25,29.272364
000157.jpg,24,28.112883
000158.jpg,33,38.903748
000159.jpg,31,35.36267
000160.jpg,20,20.85792
000161.jpg,39,38.473026
000162.jpg,30,30.93703
000163.jpg,28,20.105816
000164.jpg,25,27.103388
000165.jpg,19,29.942879
000166.jpg,37,35.688343
000167.jpg,27,31.413599
000168.jpg,34,32.830692
000169.jpg,22,26.610317
000170.jpg,30,30.837898
000171.jpg,37,34.97379
000172.jpg,12,19.74505
000173.jpg,47,37.977856
000174.jpg,44,37.633816
000175.jpg,21,19.206709
000176.jpg,20,32.197933
000177.jpg,31,21.490908
000178.jpg,44,43.94631
000179.jpg,24,19.94634
000180.jpg,36,34.66568
000181.jpg,40,48.432312
000182.jpg,48,57.239586
000183.jpg,28,27.472002
000184.jpg,25,26.897726
000185.jpg,33,39.305683
000186.jpg,35,30.377918
000187.jpg,65,54.73898
000188.jpg,29,24.708979
000189.jpg,40,32.88706
000190.jpg,37,32.453613
000191.jpg,1,0.8267603
000192.jpg,30,37.672276
000193.jpg,38,27.61727
000194.jpg,44,44.13239
000195.jpg,30,26.962236
000196.jpg,34,33.561275
000197.jpg,55,42.52651
000198.jpg,17,25.645544
000199.jpg,26,29.193556
000200.jpg,25,35.652813
000201.jpg,60,57.302063
000202.jpg,12,6.7593355
000203.jpg,37,33.878967
000204.jpg,24,26.649897
000205.jpg,18,20.74493
000206.jpg,23,23.68753
000207.jpg,15,23.407963
000208.jpg,6,18.67211
000209.jpg,28,31.378372
000210.jpg,80,53.78834
000211.jpg,37,32.5452
000212.jpg,45,21.489569
000213.jpg,12,15.254889
000214.jpg,22,19.870481
000215.jpg,31,37.17302
000216.jpg,30,21.720161
000217.jpg,1,0.0
000218.jpg,49,34.330208
000219.jpg,34,39.115604
000220.jpg,43,35.878273
000221.jpg,27,37.177734
000222.jpg,10,15.387975
000223.jpg,46,35.43249
000224.jpg,51,47.7276
000225.jpg,43,34.75215
000226.jpg,59,55.53437
000227.jpg,58,44.907993
000228.jpg,16,23.045324
000229.jpg,32,24.337252
000230.jpg,60,58.508804
000231.jpg,37,39.088615
000232.jpg,25,25.97026
000233.jpg,41,33.72884
000234.jpg,16,18.208298
000235.jpg,15,29.506735
000236.jpg,4,12.917316
000237.jpg,50,32.48372
000238.jpg,13,26.093983
000239.jpg,27,31.727612
000240.jpg,26,25.829405
000241.jpg,25,43.663677
000242.jpg,21,19.774427
000243.jpg,22,32.05712
000244.jpg,52,46.547844
000245.jpg,26,33.03857
000246.jpg,29,26.499763
000247.jpg,50,51.364494
000248.jpg,18,24.005968
000249.jpg,22,23.315535
000250.jpg,7,28.090324
000251.jpg,90,78.979
000252.jpg,23,29.066122
000253.jpg,53,46.77356
000254.jpg,30,42.865616
000255.jpg,41,40.706367
000256.jpg,29,18.479536
000257.jpg,43,34.662933
000258.jpg,20,21.307175
000259.jpg,45,43.8942
000260.jpg,10,8.597676
000261.jpg,21,19.242842
000262.jpg,50,40.662006
000263.jpg,18,23.587261
000264.jpg,30,22.375507
000265.jpg,23,19.958189
000266.jpg,54,40.789524
000267.jpg,31,30.472023
000268.jpg,30,28.558748
000269.jpg,22,27.157568
000270.jpg,26,22.977825
000271.jpg,36,38.096718
000272.jpg,26,21.139883
000273.jpg,41,28.938828
000274.jpg,14,23.083612
000275.jpg,6,22.552496
000276.jpg,5,3.180288
000277.jpg,45,33.33955
000278.jpg,60,59.433514
000279.jpg,31,18.121117
000280.jpg,1,17.106817
000281.jpg,35,24.318897
000282.jpg,15,25.795073
000283.jpg,18,29.151102
000284.jpg,2,9.786972
000285.jpg,47,23.620726
000286.jpg,25,25.409592
000287.jpg,4,4.3837886
000288.jpg,18,16.94619
000289.jpg,24,33.258427
000290.jpg,1,0.0
000291.jpg,28,25.823223
000292.jpg,40,28.48647
000293.jpg,42,26.053207
000294.jpg,60,50.299362
000295.jpg,48,40.437065
000296.jpg,3,10.063058
000297.jpg,26,24.23293
000298.jpg,50,39.817265
000299.jpg,35,30.5766
000300.jpg,1,0.0
000301.jpg,1,1.8150028
000302.jpg,44,36.173298
000303.jpg,50,51.892315
000304.jpg,8,6.2829533
000305.jpg,11,10.052595
000306.jpg,7,13.7067375
000307.jpg,80,62.933285
000308.jpg,58,45.999172
000309.jpg,16,25.042986
000310.jpg,13,14.749157
000311.jpg,47,41.932888
000312.jpg,23,28.072655
000313.jpg,24,24.558378
000314.jpg,13,14.948117
000315.jpg,8,8.564845
000316.jpg,21,19.918104
000317.jpg,42,28.294407
000318.jpg,8,14.22797
000319.jpg,31,28.817019
000320.jpg,30,31.323141
000321.jpg,5,4.2066727
000322.jpg,8,10.426217
000323.jpg,24,22.780882
000324.jpg,33,32.342476
000325.jpg,26,26.695585
000326.jpg,5,30.659336
000327.jpg,42,26.64892
000328.jpg,15,23.709461
000329.jpg,55,46.539665
000330.jpg,30,31.553389
000331.jpg,26,21.781254
000332.jpg,2,6.4375534
000333.jpg,27,24.834152
000334.jpg,38,35.495495
000335.jpg,31,33.405556
000336.jpg,17,23.465572
000337.jpg,27,26.902723
000338.jpg,10,6.248956
000339.jpg,25,27.642818
000340.jpg,16,26.998848
000341.jpg,17,12.923872
000342.jpg,19,18.170837
000343.jpg,34,38.123104
000344.jpg,23,26.93403
000345.jpg,5,27.213217
000346.jpg,50,37.914726
000347.jpg,50,52.35173
000348.jpg,61,45.627438
000349.jpg,35,38.189034
000350.jpg,4,4.3232303
000351.jpg,43,47.61551
000352.jpg,33,38.84605
000353.jpg,34,36.551983
000354.jpg,38,34.741314
000355.jpg,23,23.173409
000356.jpg,29,29.8527
000357.jpg,70,73.07393
000358.jpg,25,35.028774
000359.jpg,11,20.462265
000360.jpg,30,27.0636
000361.jpg,60,69.30055
000362.jpg,34,29.367039
000363.jpg,23,20.515953
000364.jpg,18,22.668192
000365.jpg,22,30.46862
000366.jpg,31,24.278528
000367.jpg,17,24.074726
000368.jpg,4,5.0118504
000369.jpg,25,24.595324
000370.jpg,23,24.379002
000371.jpg,1,1.0587298
000372.jpg,23,22.786985
000373.jpg,40,44.406185
000374.jpg,17,22.770874
000375.jpg,60,50.235428
000376.jpg,6,6.140309
000377.jpg,40,31.814894
000378.jpg,22,17.186617
000379.jpg,30,23.305128
000380.jpg,50,42.36963
000381.jpg,1,3.052516
000382.jpg,14,19.067703
000383.jpg,60,51.16372
000384.jpg,35,27.836367
000385.jpg,26,24.703943
000386.jpg,40,38.80932
000387.jpg,43,45.727753
000388.jpg,36,38.691826
000389.jpg,27,23.809868
000390.jpg,70,70.70339
000391.jpg,19,19.911818
000392.jpg,29,29.35771
000393.jpg,20,28.458565
000394.jpg,35,27.091516
000395.jpg,41,30.484837
000396.jpg,40,39.962288
000397.jpg,49,39.25342
000398.jpg,23,16.578676
000399.jpg,5,13.1541605
000400.jpg,26,31.61156
000401.jpg,26,36.96112
000402.jpg,43,34.315712
000403.jpg,8,1.9113182
000404.jpg,40,33.982433
000405.jpg,26,34.004494
000406.jpg,17,29.878864
000407.jpg,27,30.362165
000408.jpg,33,32.36111
000409.jpg,25,38.02483
000410.jpg,30,38.928753
000411.jpg,26,24.191174
000412.jpg,41,33.830257
000413.jpg,1,0.0
000414.jpg,19,21.846735
000415.jpg,22,23.971247
000416.jpg,17,26.337349
000417.jpg,35,37.390118
000418.jpg,27,22.459785
000419.jpg,54,55.290585
000420.jpg,28,43.892937
000421.jpg,18,34.771812
000422.jpg,13,18.54906
000423.jpg,23,25.901348
000424.jpg,75,74.22776
000425.jpg,34,28.434088
000426.jpg,12,11.762738
000427.jpg,38,31.049421
000428.jpg,32,28.31488
000429.jpg,16,22.216003
000430.jpg,18,28.1935
000431.jpg,15,21.114683
000432.jpg,16,19.888048
000433.jpg,27,35.07121
000434.jpg,15,16.463207
000435.jpg,30,25.152802
000436.jpg,12,21.80508
000437.jpg,20,34.822964
000438.jpg,22,26.142885
000439.jpg,42,24.825563
000440.jpg,43,43.026897
000441.jpg,26,27.933147
000442.jpg,1,0.61799514
000443.jpg,26,24.812927
000444.jpg,12,18.040167
000445.jpg,15,26.330849
000446.jpg,28,43.456585
000447.jpg,20,30.929646
000448.jpg,21,23.785448
000449.jpg,36,43.41186
000450.jpg,25,30.793482
000451.jpg,30,37.586395
000452.jpg,35,39.526978
000453.jpg,48,39.806442
000454.jpg,26,30.940178
000455.jpg,50,22.951162
000456.jpg,18,28.848698
000457.jpg,30,39.144253
000458.jpg,23,22.170433
000459.jpg,25,24.72856
000460.jpg,44,40.920055
000461.jpg,16,32.81344
000462.jpg,54,52.146446
000463.jpg,1,0.0
000464.jpg,5,8.178573
000465.jpg,23,24.270052
000466.jpg,24,27.502966
000467.jpg,38,34.573215
000468.jpg,34,23.004566
000469.jpg,27,33.12849
000470.jpg,25,26.051197
000471.jpg,34,39.581573
000472.jpg,43,34.11
000473.jpg,21,24.320724
000474.jpg,25,29.049501
000475.jpg,7,21.517328
000476.jpg,13,32.94465
000477.jpg,50,33.386654
000478.jpg,26,26.682621
000479.jpg,36,24.784863
000480.jpg,3,6.8767705
000481.jpg,17,19.641415
000482.jpg,7,10.878915
000483.jpg,5,12.92635
000484.jpg,51,31.505081
000485.jpg,24,26.11553
000486.jpg,36,15.514483
000487.jpg,29,30.104864
000488.jpg,27,30.81266
000489.jpg,16,12.086308
000490.jpg,25,23.337803
000491.jpg,43,40.108925
000492.jpg,55,56.683018
000493.jpg,69,61.497166
000494.jpg,4,1.3734845
000495.jpg,19,27.109644
000496.jpg,43,53.12464
000497.jpg,65,54.767227
000498.jpg,35,30.107635
000499.jpg,14,23.080889
000500.jpg,36,23.04949
000501.jpg,17,25.486376
000502.jpg,31,30.789904
000503.jpg,50,47.91748
000504.jpg,50,44.853653
000505.jpg,7,5.0712867
000506.jpg,37,35.55882
000507.jpg,52,40.816017
000508.jpg,18,16.683386
000509.jpg,26,38.6462
000510.jpg,25,27.563408
000511.jpg,2,11.204877
000512.jpg,48,41.55595
000513.jpg,47,38.395157
000514.jpg,40,37.27527
000515.jpg,50,43.20163
000516.jpg,23,38.796154
000517.jpg,37,21.489876
000518.jpg,28,23.79438
000519.jpg,6,33.793324
000520.jpg,4,1.8681636
000521.jpg,25,32.25719
000522.jpg,15,18.566713
000523.jpg,22,25.975409
000524.jpg,18,19.255167
000525.jpg,25,39.40047
000526.jpg,17,18.343105
000527.jpg,49,42.193436
000528.jpg,4,1.3590719
000529.jpg,37,18.50333
000530.jpg,3,7.142098
000531.jpg,65,36.207485
000532.jpg,63,57.150635
000533.jpg,18,20.072971
000534.jpg,61,62.219444
000535.jpg,7,5.5630217
000536.jpg,80,56.256565
000537.jpg,34,42.999794
000538.jpg,19,18.057486
000539.jpg,8,9.347658
000540.jpg,26,30.986628
000541.jpg,33,31.790255
000542.jpg,11,19.181759
000543.jpg,56,51.63808
000544.jpg,2,4.4040837
000545.jpg,25,25.975378
000546.jpg,23,28.245882
000547.jpg,25,33.40027
000548.jpg,52,43.884186
000549.jpg,70,69.69423
000550.jpg,87,76.93935
000551.jpg,46,35.684547
000552.jpg,26,25.814768
000553.jpg,48,38.706966
000554.jpg,26,23.300236
000555.jpg,41,48.18132
000556.jpg,36,35.617504
000557.jpg,19,28.177412
000558.jpg,26,25.521639
000559.jpg,17,22.920616
000560.jpg,9,19.938847
000561.jpg,19,25.239183
000562.jpg,54,53.086433
000563.jpg,35,26.838957
000564.jpg,59,52.74615
000565.jpg,21,25.442783
000566.jpg,7,9.728975
000567.jpg,30,25.814291
000568.jpg,80,77.92322
000569.jpg,23,22.709114
000570.jpg,20,22.14974
000571.jpg,69,54.361355
000572.jpg,84,68.15044
000573.jpg,27,20.454258
000574.jpg,39,37.23388
000575.jpg,80,64.98659
000576.jpg,33,33.51067
000577.jpg,49,50.737324
000578.jpg,37,37.08625
000579.jpg,36,33.626263
000580.jpg,54,24.044699
000581.jpg,36,41.393326
000582.jpg,14,18.887733
000583.jpg,6,4.89993
000584.jpg,16,10.946363
000585.jpg,57,45.390877
000586.jpg,34,26.82773
000587.jpg,35,29.297174
000588.jpg,38,35.446342
000589.jpg,24,27.589682
000590.jpg,9,12.200053
000591.jpg,1,0.73910975
000592.jpg,17,23.217
000593.jpg,17,18.10729
000594.jpg,39,29.450062
000595.jpg,2,6.379263
000596.jpg,43,40.176685
000597.jpg,18,30.3803
000598.jpg,1,4.8290625
000599.jpg,40,39.042603
000600.jpg,41,43.088894
000601.jpg,30,35.78344
000602.jpg,60,54.12137
000603.jpg,3,12.424472
000604.jpg,30,19.78851
000605.jpg,7,12.777356
000606.jpg,34,37.71186
000607.jpg,17,22.021954
000608.jpg,53,56.323933
000609.jpg,3,9.922598
000610.jpg,45,33.326054
000611.jpg,16,6.3067555
000612.jpg,27,32.851868
000613.jpg,1,0.0
000614.jpg,16,16.10756
000615.jpg,6,9.308094
000616.jpg,30,30.598385
000617.jpg,16,20.24992
000618.jpg,2,4.734573
000619.jpg,25,31.528278
000620.jpg,30,16.478762
000621.jpg,1,8.077138
000622.jpg,1,6.8013377
000623.jpg,65,64.54514
000624.jpg,22,23.77058
000625.jpg,45,34.442806
000626.jpg,26,29.754423
000627.jpg,41,36.292667
000628.jpg,7,14.321969
000629.jpg,18,23.395351
000630.jpg,12,28.052057
000631.jpg,30,30.710014
000632.jpg,35,41.59849
000633.jpg,17,15.681498
000634.jpg,18,25.186636
000635.jpg,22,31.071236
000636.jpg,6,10.327332
000637.jpg,44,37.982117
000638.jpg,35,30.243689
000639.jpg,28,26.144022
000640.jpg,22,20.484705
000641.jpg,26,36.85176
000642.jpg,13,17.9619
000643.jpg,8,6.57904
000644.jpg,24,38.740494
000645.jpg,90,79.70821
000646.jpg,40,46.567726
000647.jpg,12,18.210241
000648.jpg,32,33.0867
000649.jpg,20,21.340866
000650.jpg,41,36.38846
000651.jpg,44,33.386726
000652.jpg,50,49.89211
000653.jpg,50,54.9165
000654.jpg,20,21.59267
000655.jpg,24,25.943195
000656.jpg,27,32.03891
000657.jpg,28,29.48121
000658.jpg,30,39.012386
000659.jpg,50,50.54595
000660.jpg,38,39.377575
000661.jpg,42,36.618454
000662.jpg,24,28.674799
000663.jpg,28,31.853727
000664.jpg,9,7.7975016
000665.jpg,16,27.247166
000666.jpg,24,26.394194
000667.jpg,23,16.624193
000668.jpg,50,44.95616
000669.jpg,50,35.25462
000670.jpg,24,14.71809
000671.jpg,52,55.034786
000672.jpg,33,32.93159
000673.jpg,9,22.508099
000674.jpg,44,35.205555
000675.jpg,49,34.84671
000676.jpg,32,24.40589
000677.jpg,27,38.258297
000678.jpg,41,41.70869
000679.jpg,11,13.118162
000680.jpg,46,39.66242
000681.jpg,23,21.11592
000682.jpg,18,21.320038
000683.jpg,25,18.720581
000684.jpg,32,27.320103
000685.jpg,40,41.15661
000686.jpg,34,19.949594
000687.jpg,42,31.696875
000688.jpg,24,29.01045
000689.jpg,30,40.01714
000690.jpg,21,32.44107
000691.jpg,50,40.128613
000692.jpg,41,40.892387
000693.jpg,25,31.716928
000694.jpg,29,23.803057
000695.jpg,43,47.69888
000696.jpg,30,38.125584
000697.jpg,5,9.246174
000698.jpg,16,23.700146
000699.jpg,68,68.63908
000700.jpg,35,29.556597
000701.jpg,18,24.64614
000702.jpg,40,43.652504
000703.jpg,18,26.865078
000704.jpg,30,33.995796
000705.jpg,45,40.85235
000706.jpg,41,30.793692
000707.jpg,29,37.16047
000708.jpg,34,33.297226
000709.jpg,22,20.480286
000710.jpg,16,19.340553
000711.jpg,31,29.775051
000712.jpg,1,5.3084154
000713.jpg,70,56.903156
000714.jpg,20,26.918945
000715.jpg,4,8.187149
000716.jpg,39,28.724173
000717.jpg,33,24.82849
000718.jpg,15,27.38033
000719.jpg,32,25.69209
000720.jpg,38,33.897587
000721.jpg,30,36.695595
000722.jpg,30,23.182808
000723.jpg,56,40.690533
000724.jpg,7,6.500019
000725.jpg,23,24.88265
000726.jpg,26,23.689775
000727.jpg,36,30.703732
000728.jpg,28,27.507586
000729.jpg,63,46.33109
000730.jpg,32,32.20901
000731.jpg,30,48.818024
000732.jpg,27,30.833694
000733.jpg,20,32.307995
000734.jpg,30,23.74847
000735.jpg,32,33.80772
000736.jpg,23,18.647018
000737.jpg,30,31.922781
000738.jpg,25,28.957478
000739.jpg,28,31.002789
000740.jpg,14,25.523817
000741.jpg,22,25.313082
000742.jpg,20,25.238062
000743.jpg,25,30.11938
000744.jpg,40,55.199368
000745.jpg,18,21.742418
000746.jpg,1,4.254959
000747.jpg,46,46.50738
000748.jpg,41,43.809475
000749.jpg,20,30.533358
000750.jpg,40,34.978638
000751.jpg,15,23.879202
000752.jpg,33,28.892952
000753.jpg,22,35.385906
000754.jpg,10,10.222501
000755.jpg,28,25.381683
000756.jpg,75,74.77113
000757.jpg,29,27.488667
000758.jpg,57,43.804054
000759.jpg,82,53.84695
000760.jpg,29,30.990612
000761.jpg,1,2.0387065
000762.jpg,19,14.806094
000763.jpg,29,25.939981
000764.jpg,80,69.770805
000765.jpg,14,20.82998
000766.jpg,27,20.060602
000767.jpg,15,18.510847
000768.jpg,30,27.86752
000769.jpg,29,35.205807
000770.jpg,26,26.387089
000771.jpg,85,76.727066
000772.jpg,54,43.15963
000773.jpg,24,24.96973
000774.jpg,41,30.450161
000775.jpg,25,22.365974
000776.jpg,26,16.741571
000777.jpg,17,25.296303
000778.jpg,40,34.367046
000779.jpg,37,37.6829
000780.jpg,24,27.402037
000781.jpg,36,37.182648
000782.jpg,48,44.734577
000783.jpg,26,22.188557
000784.jpg,25,28.083021
000785.jpg,37,30.469042
000786.jpg,7,10.663447
000787.jpg,30,20.299196
000788.jpg,35,41.683754
000789.jpg,39,29.779104
000790.jpg,23,21.947538
000791.jpg,35,33.25749
000792.jpg,33,26.016638
000793.jpg,20,19.596613
000794.jpg,24,20.239426
000795.jpg,6,3.850756
000796.jpg,43,41.39613
000797.jpg,6,7.756599
000798.jpg,5,7.2102146
000799.jpg,19,26.217787
000800.jpg,14,14.026678
000801.jpg,23,30.234373
000802.jpg,40,27.368746
000803.jpg,33,26.253044
000804.jpg,52,35.09964
000805.jpg,29,33.49784
000806.jpg,21,23.9477
000807.jpg,35,28.714739
000808.jpg,40,37.637596
000809.jpg,21,17.977709
000810.jpg,40,34.264336
000811.jpg,43,35.923176
000812.jpg,13,19.864809
000813.jpg,10,7.155873
000814.jpg,43,33.08296
000815.jpg,24,31.468977
000816.jpg,21,22.531538
000817.jpg,6,8.419241
000818.jpg,24,12.951757
000819.jpg,27,27.875755
000820.jpg,27,28.219519
000821.jpg,30,28.664633
000822.jpg,17,20.934044
000823.jpg,25,21.826164
000824.jpg,32,26.611506
000825.jpg,50,26.992521
000826.jpg,25,32.730385
000827.jpg,33,33.5927
000828.jpg,1,3.065584
000829.jpg,32,35.280655
000830.jpg,19,35.454136
000831.jpg,30,40.429493
000832.jpg,14,22.935556
000833.jpg,1,3.627527
000834.jpg,7,7.3828697
000835.jpg,38,39.445526
000836.jpg,21,31.010265
000837.jpg,6,18.7443
000838.jpg,55,52.001495
000839.jpg,33,30.470682
000840.jpg,35,30.94683
000841.jpg,34,24.30496
000842.jpg,17,34.402527
000843.jpg,26,19.12853
000844.jpg,28,43.266068
000845.jpg,50,41.63785
000846.jpg,33,30.488523
000847.jpg,27,25.25336
000848.jpg,40,22.098465
000849.jpg,1,3.2520635
000850.jpg,30,29.850828
000851.jpg,57,49.12834
000852.jpg,17,26.71929
000853.jpg,20,21.387444
000854.jpg,70,58.68987
000855.jpg,47,34.417366
000856.jpg,22,23.91169
000857.jpg,40,37.198036
000858.jpg,50,36.55147
000859.jpg,15,17.620663
000860.jpg,49,35.0219
000861.jpg,1,1.9534888
000862.jpg,7,12.544441
000863.jpg,21,36.149014
000864.jpg,30,39.265728
000865.jpg,18,22.728655
000866.jpg,14,23.198414
000867.jpg,25,25.078913
000868.jpg,10,10.999303
000869.jpg,19,24.015104
000870.jpg,4,11.652472
000871.jpg,25,29.152672
000872.jpg,8,14.451159
000873.jpg,25,33.30268
000874.jpg,27,23.274546
000875.jpg,40,42.275063
000876.jpg,56,54.940914
000877.jpg,5,10.671606
000878.jpg,19,28.285192
000879.jpg,17,20.034317
000880.jpg,5,4.8218584
000881.jpg,28,29.939205
000882.jpg,27,27.063435
000883.jpg,29,27.849167
000884.jpg,21,26.25583
000885.jpg,17,20.825708
000886.jpg,18,23.47535
000887.jpg,57,36.320545
000888.jpg,18,22.507057
000889.jpg,48,54.412483
000890.jpg,14,18.80804
000891.jpg,50,41.62929
000892.jpg,20,23.947634
000893.jpg,31,21.383043
000894.jpg,25,25.491009
000895.jpg,48,50.274063
000896.jpg,2,5.956388
000897.jpg,13,24.332212
000898.jpg,30,22.972647
000899.jpg,28,31.360998
000900.jpg,64,60.439087
000901.jpg,2,0.0
000902.jpg,15,17.63919
000903.jpg,28,31.680117
000904.jpg,49,52.13198
000905.jpg,22,23.718763
000906.jpg,4,8.579268
000907.jpg,28,30.88589
000908.jpg,24,16.80047
000909.jpg,39,27.806257
000910.jpg,27,25.709707
000911.jpg,19,20.255503
000912.jpg,22,26.253485
000913.jpg,2,0.0
000914.jpg,14,26.528048
000915.jpg,28,28.016354
000916.jpg,35,32.15649
000917.jpg,45,40.326958
000918.jpg,17,27.007517
000919.jpg,29,35.43978
000920.jpg,27,36.195698
000921.jpg,17,27.619104
000922.jpg,34,24.246775
000923.jpg,21,25.669657
000924.jpg,40,41.73854
000925.jpg,12,24.249569
000926.jpg,60,67.106544
000927.jpg,23,14.075552
000928.jpg,26,31.103008
000929.jpg,33,33.08244
000930.jpg,23,22.506037
000931.jpg,48,53.434895
000932.jpg,60,60.335026
000933.jpg,54,44.13094
000934.jpg,22,20.239983
000935.jpg,22,26.49913
000936.jpg,28,32.832848
000937.jpg,80,64.98731
000938.jpg,40,40.870476
000939.jpg,14,19.26996
000940.jpg,22,26.934048
000941.jpg,1,0.3770655
000942.jpg,32,26.503954
000943.jpg,57,57.28013
000944.jpg,23,23.26198
000945.jpg,13,31.364786
000946.jpg,47,34.996758
000947.jpg,44,43.825474
000948.jpg,49,49.75518
000949.jpg,63,55.915043
000950.jpg,39,29.380783
000951.jpg,27,29.28527
000952.jpg,18,20.507631
000953.jpg,67,53.62006
000954.jpg,25,24.992735
000955.jpg,51,43.664593
000956.jpg,53,33.103844
000957.jpg,66,50.029152
000958.jpg,1,4.4849577
000959.jpg,26,16.724712
000960.jpg,27,26.750362
000961.jpg,49,31.579994
000962.jpg,23,32.111332
000963.jpg,1,0.0
000964.jpg,17,18.379663
000965.jpg,59,56.37813
000966.jpg,17,25.883394
000967.jpg,25,25.334719
000968.jpg,4,6.350702
000969.jpg,24,23.316944
000970.jpg,70,53.76295
000971.jpg,24,34.00823
000972.jpg,28,36.39931
000973.jpg,55,45.253452
000974.jpg,35,34.45689
000975.jpg,16,16.593225
000976.jpg,32,26.405874
000977.jpg,28,24.103651
000978.jpg,60,63.50528
000979.jpg,29,24.665821
000980.jpg,25,31.5284
000981.jpg,25,29.479275
000982.jpg,42,36.04611
000983.jpg,16,22.097637
000984.jpg,40,24.312458
000985.jpg,50,45.25283
000986.jpg,30,32.673138
000987.jpg,2,1.3705008
000988.jpg,21,27.876287
000989.jpg,19,25.520638
000990.jpg,29,33.360783
000991.jpg,25,29.889393
000992.jpg,18,38.347366
000993.jpg,13,24.276712
000994.jpg,16,17.420208
000995.jpg,18,26.750076
000996.jpg,30,29.198565
000997.jpg,24,25.838865
000998.jpg,50,49.00971
000999.jpg,15,16.390335
001000.jpg,19,36.08463
001001.jpg,12,25.293833
001002.jpg,59,61.19545
001003.jpg,25,25.868057
001004.jpg,29,27.56149
001005.jpg,20,21.693472
001006.jpg,20,19.915318
001007.jpg,44,33.775215
001008.jpg,26,31.094347
001009.jpg,25,25.076462
001010.jpg,40,31.044064
001011.jpg,20,31.460367
001012.jpg,36,23.88143
001013.jpg,40,38.056335
001014.jpg,16,22.418772
001015.jpg,23,24.99452
001016.jpg,29,26.570051
001017.jpg,18,22.281376
001018.jpg,41,35.966576
001019.jpg,33,27.423927
001020.jpg,51,42.901012
001021.jpg,33,35.209072
001022.jpg,32,23.924618
001023.jpg,14,16.502813
001024.jpg,37,34.162964
001025.jpg,30,29.607815
001026.jpg,27,26.303396
001027.jpg,52,54.556244
001028.jpg,38,37.710564
001029.jpg,4,4.706546
001030.jpg,19,31.860863
001031.jpg,23,33.567783
001032.jpg,25,23.198345
001033.jpg,28,32.835846
001034.jpg,23,17.827883
001035.jpg,11,20.781801
001036.jpg,19,28.412394
001037.jpg,80,72.72044
001038.jpg,30,27.152187
001039.jpg,8,4.9697123
001040.jpg,1,5.538788
001041.jpg,16,24.587543
001042.jpg,14,20.108349
001043.jpg,47,36.55282
001044.jpg,9,2.302016
001045.jpg,18,23.30132
001046.jpg,57,54.27523
001047.jpg,7,12.159776
001048.jpg,31,31.760468
001049.jpg,3,5.19914
001050.jpg,19,22.84828
001051.jpg,38,23.79907
001052.jpg,2,27.717243
001053.jpg,51,43.950123
001054.jpg,10,26.88134
001055.jpg,21,21.106869
001056.jpg,30,26.424166
001057.jpg,40,34.97267
001058.jpg,28,20.96261
001059.jpg,31,39.450226
001060.jpg,5,4.72568
001061.jpg,24,29.210886
001062.jpg,27,18.027214
001063.jpg,26,33.21761
001064.jpg,26,32.019554
001065.jpg,58,53.698154
001066.jpg,24,26.680754
001067.jpg,35,38.17944
001068.jpg,61,74.1983
001069.jpg,26,34.46513
001070.jpg,28,24.329533
001071.jpg,19,28.56627
001072.jpg,42,36.038696
001073.jpg,31,32.999466
001074.jpg,35,41.229607
001075.jpg,17,23.043997
001076.jpg,35,39.68825
001077.jpg,27,30.197756
001078.jpg,32,33.57612
001079.jpg,55,48.226044
001080.jpg,26,25.796413
001081.jpg,34,47.543713
001082.jpg,34,43.658535
001083.jpg,14,25.883055
001084.jpg,30,33.13154
001085.jpg,24,30.795542
001086.jpg,17,28.532534
001087.jpg,29,23.658726
001088.jpg,31,30.3575
001089.jpg,62,55.003418
001090.jpg,31,28.174536
001091.jpg,6,8.413898
001092.jpg,58,37.477318
001093.jpg,34,29.65925
001094.jpg,60,52.64442
001095.jpg,75,55.007553
001096.jpg,55,51.581276
001097.jpg,40,34.91652
001098.jpg,4,26.497343
001099.jpg,27,36.120644
001100.jpg,27,24.902235
001101.jpg,1,0.6269244
001102.jpg,50,33.74536
001103.jpg,17,22.199934
001104.jpg,32,25.5106
001105.jpg,57,53.21666
001106.jpg,18,21.172972
001107.jpg,30,29.912169
001108.jpg,50,49.211998
001109.jpg,72,63.250828
001110.jpg,53,50.740234
001111.jpg,41,32.706722
001112.jpg,1,2.614981
001113.jpg,19,25.916859
001114.jpg,40,33.22492
001115.jpg,16,20.902185
001116.jpg,50,56.5895
001117.jpg,13,30.12224
001118.jpg,36,28.960604
001119.jpg,25,27.047972
001120.jpg,24,30.83762
001121.jpg,40,37.83746
001122.jpg,30,27.748777
001123.jpg,33,27.192709
001124.jpg,59,50.72025
001125.jpg,29,36.656734
001126.jpg,50,47.887196
001127.jpg,13,26.180082
001128.jpg,47,26.489536
001129.jpg,25,32.951317
001130.jpg,34,44.913326
001131.jpg,20,31.937107
001132.jpg,51,45.086174
001133.jpg,2,1.5662881
001134.jpg,84,65.41278
001135.jpg,7,4.478515
001136.jpg,22,26.016954
001137.jpg,31,36.887417
001138.jpg,35,35.903687
001139.jpg,70,59.69961
001140.jpg,2,1.1284517
001141.jpg,37,39.018566
001142.jpg,20,20.264946
001143.jpg,42,34.702667
001144.jpg,2,3.7688944
001145.jpg,27,27.1792
001146.jpg,34,29.849508
001147.jpg,18,33.897102
001148.jpg,67,59.30865
001149.jpg,4,9.176408
001150.jpg,23,22.356863
001151.jpg,31,31.95635
001152.jpg,25,28.823229
001153.jpg,44,48.699604
001154.jpg,18,27.012627
001155.jpg,86,63.210983
001156.jpg,30,35.581226
001157.jpg,35,26.90485
001158.jpg,29,23.715395
001159.jpg,50,58.677555
001160.jpg,47,44.263977
001161.jpg,15,36.768753
001162.jpg,15,20.50416
001163.jpg,4,2.6933084
001164.jpg,67,64.25407
001165.jpg,40,34.952953
001166.jpg,32,27.246325
001167.jpg,51,42.70159
001168.jpg,27,25.915709
001169.jpg,45,28.741173
001170.jpg,14,17.805998
001171.jpg,45,41.634323
001172.jpg,52,30.642216
001173.jpg,20,18.588009
001174.jpg,34,25.92895
001175.jpg,38,41.75786
001176.jpg,22,24.15701
001177.jpg,4,12.941698
001178.jpg,17,22.62872
001179.jpg,60,61.467243
001180.jpg,27,20.447784
001181.jpg,23,26.068329
001182.jpg,52,44.532726
001183.jpg,32,34.168335
001184.jpg,11,10.785253
001185.jpg,23,19.456003
001186.jpg,49,48.13502
001187.jpg,22,26.672749
001188.jpg,37,33.971134
001189.jpg,22,22.9237
001190.jpg,54,48.968803
001191.jpg,24,33.46012
001192.jpg,28,29.838861
001193.jpg,12,16.71242
001194.jpg,34,24.722874
001195.jpg,36,41.46842
001196.jpg,44,31.064688
001197.jpg,44,34.187706
001198.jpg,11,4.607538
001199.jpg,24,23.179922
001200.jpg,50,48.445446
001201.jpg,23,23.684832
001202.jpg,21,21.79789
001203.jpg,40,44.977825
001204.jpg,22,19.983532
001205.jpg,45,37.574432
001206.jpg,25,31.173838
001207.jpg,38,34.131615
001208.jpg,28,40.145912
001209.jpg,20,19.42109
001210.jpg,40,34.66183
001211.jpg,19,17.125727
001212.jpg,35,39.796837
001213.jpg,11,22.120838
001214.jpg,15,14.856303
001215.jpg,2,10.762519
001216.jpg,58,43.660244
001217.jpg,44,31.845861
001218.jpg,24,23.29858
001219.jpg,19,27.812283
001220.jpg,29,20.511196
001221.jpg,32,31.060835
001222.jpg,21,26.844585
001223.jpg,13,18.92731
001224.jpg,18,30.543655
001225.jpg,51,47.582726
001226.jpg,30,33.521194
001227.jpg,37,38.836037
001228.jpg,28,39.398182
001229.jpg,22,25.21891
001230.jpg,33,35.954975
001231.jpg,28,28.646818
001232.jpg,22,24.419271
001233.jpg,42,41.271538
001234.jpg,15,20.805813
001235.jpg,27,29.785707
001236.jpg,23,31.227627
001237.jpg,44,44.23096
001238.jpg,17,22.079117
001239.jpg,23,26.120337
001240.jpg,15,20.219778
001241.jpg,23,34.044678
001242.jpg,19,19.250763
001243.jpg,42,30.363182
001244.jpg,25,24.212046
001245.jpg,19,23.65084
001246.jpg,47,54.234943
001247.jpg,16,21.713749
001248.jpg,50,45.227406
001249.jpg,35,28.504824
001250.jpg,60,44.340786
001251.jpg,32,41.1389
001252.jpg,5,13.311309
001253.jpg,11,15.318445
001254.jpg,51,46.937687
001255.jpg,42,43.01557
001256.jpg,16,16.32632
001257.jpg,30,32.259953
001258.jpg,54,53.412735
001259.jpg,34,35.2815
001260.jpg,40,34.962994
001261.jpg,21,16.550282
001262.jpg,29,24.25396
001263.jpg,14,14.4934635
001264.jpg,40,32.060196
001265.jpg,60,53.384644
001266.jpg,13,39.0321
001267.jpg,39,45.57111
001268.jpg,7,8.273002
001269.jpg,2,2.0436811
001270.jpg,18,22.220818
001271.jpg,27,29.305134
001272.jpg,25,31.66918
001273.jpg,44,43.496655
001274.jpg,5,5.0937967
001275.jpg,32,35.885506
001276.jpg,26,28.264938
001277.jpg,28,34.887085
001278.jpg,25,35.03058
001279.jpg,90,53.39217
001280.jpg,31,33.202908
001281.jpg,27,31.599485
001282.jpg,18,22.870049
001283.jpg,27,31.784079
001284.jpg,1,0.0
001285.jpg,39,29.704802
001286.jpg,52,46.990673
001287.jpg,38,30.5944
001288.jpg,23,33.38357
001289.jpg,2,3.7002943
001290.jpg,30,35.31366
001291.jpg,32,25.27711
001292.jpg,17,19.467785
001293.jpg,32,26.645123
001294.jpg,50,44.772884
001295.jpg,24,26.517422
001296.jpg,24,28.31231
001297.jpg,47,34.66857
001298.jpg,35,29.120205
001299.jpg,45,45.848537
001300.jpg,39,37.595993
001301.jpg,17,15.193325
001302.jpg,46,41.38725
001303.jpg,25,30.651373
001304.jpg,42,49.615887
001305.jpg,59,57.531445
001306.jpg,85,58.14997
001307.jpg,48,40.26761
001308.jpg,41,45.643066
001309.jpg,46,40.168583
001310.jpg,31,24.29807
001311.jpg,11,26.026571
001312.jpg,3,5.675063
001313.jpg,8,2.9702492
001314.jpg,44,35.01142
001315.jpg,27,29.687138
001316.jpg,26,24.248463
001317.jpg,19,24.306833
001318.jpg,47,57.11256
001319.jpg,7,18.017073
001320.jpg,69,54.649937
001321.jpg,21,26.059906
001322.jpg,13,30.38651
001323.jpg,46,49.041523
001324.jpg,27,35.307735
001325.jpg,52,49.911854
001326.jpg,58,49.979187
001327.jpg,59,45.175365
001328.jpg,42,49.014626
001329.jpg,23,20.885256
001330.jpg,42,33.89748
001331.jpg,2,2.9111316
001332.jpg,73,67.326485
001333.jpg,25,26.27112
001334.jpg,5,15.398464
001335.jpg,23,22.355469
001336.jpg,19,24.35022
001337.jpg,59,40.405426
001338.jpg,30,24.872046
001339.jpg,27,17.779793
001340.jpg,18,27.47199
001341.jpg,31,27.725878
001342.jpg,26,24.722109
001343.jpg,40,25.178642
001344.jpg,22,22.500536
001345.jpg,19,21.788248
001346.jpg,50,29.384918
001347.jpg,60,46.920815
001348.jpg,5,6.3561606
001349.jpg,25,27.39482
001350.jpg,45,27.972738
001351.jpg,5,8.706205
001352.jpg,15,26.950655
001353.jpg,29,28.084906
001354.jpg,14,20.602018
001355.jpg,17,20.614456
001356.jpg,62,53.91983
001357.jpg,17,23.397211
001358.jpg,30,34.395115
001359.jpg,18,26.129112
001360.jpg,50,41.16234
001361.jpg,21,17.925186
001362.jpg,10,16.121613
001363.jpg,23,22.461016
001364.jpg,18,27.290104
001365.jpg,56,44.25783
001366.jpg,2,0.13522936
001367.jpg,2,5.0720243
001368.jpg,23,28.730715
001369.jpg,27,37.133766
001370.jpg,4,19.705727
001371.jpg,17,22.58364
001372.jpg,14,42.444866
001373.jpg,4,12.722018
001374.jpg,19,25.748014
001375.jpg,44,38.287987
001376.jpg,45,49.14007
001377.jpg,12,18.682545
001378.jpg,65,64.94192
001379.jpg,16,27.0627
001380.jpg,26,34.820183
001381.jpg,20,25.235804
001382.jpg,60,47.48253
001383.jpg,19,26.567152
001384.jpg,28,32.485268
001385.jpg,30,29.642075
001386.jpg,15,20.459291
001387.jpg,38,43.833363
001388.jpg,45,36.36754
001389.jpg,25,19.036621
001390.jpg,14,33.429283
001391.jpg,25,29.883934
001392.jpg,22,20.515732
001393.jpg,35,23.251017
001394.jpg,29,34.400867
001395.jpg,34,36.127666
001396.jpg,2,3.4438279
001397.jpg,26,28.433477
001398.jpg,48,48.324898
001399.jpg,65,37.98877
001400.jpg,25,29.347822
001401.jpg,37,36.443035
001402.jpg,25,16.511715
001403.jpg,23,29.551193
001404.jpg,44,38.255363
001405.jpg,30,32.894
001406.jpg,26,27.639616
001407.jpg,21,21.928995
001408.jpg,24,31.388659
001409.jpg,25,27.168226
001410.jpg,1,11.70765
001411.jpg,2,5.1929545
001412.jpg,23,20.052591
001413.jpg,39,30.85121
001414.jpg,43,44.539413
001415.jpg,58,37.301003
001416.jpg,16,17.347368
001417.jpg,22,23.433752
001418.jpg,27,29.03097
001419.jpg,11,21.180141
001420.jpg,13,27.566114
001421.jpg,30,15.118339
001422.jpg,23,29.518368
001423.jpg,36,35.102116
001424.jpg,28,41.567192
001425.jpg,16,19.260893
001426.jpg,31,34.491066
001427.jpg,38,28.244328
001428.jpg,20,22.264997
001429.jpg,28,29.207272
001430.jpg,59,47.691135
001431.jpg,14,35.26611
001432.jpg,20,19.898085
001433.jpg,4,5.4230294
001434.jpg,27,21.528992
001435.jpg,26,34.04598
001436.jpg,16,17.712004
001437.jpg,38,38.460533
001438.jpg,5,4.7392898
001439.jpg,17,26.291471
001440.jpg,59,47.543736
001441.jpg,35,22.305452
001442.jpg,17,19.550663
001443.jpg,42,32.972397
001444.jpg,10,16.15261
001445.jpg,4,6.4695344
001446.jpg,2,1.2607725
001447.jpg,1,0.0
001448.jpg,5,17.18381
001449.jpg,19,17.272478
001450.jpg,11,5.799042
001451.jpg,24,31.335228
001452.jpg,32,29.016066
001453.jpg,6,12.077091
001454.jpg,18,19.672594
001455.jpg,26,36.861835
001456.jpg,69,66.880585
001457.jpg,35,33.680428
001458.jpg,34,23.613932
001459.jpg,19,32.55112
001460.jpg,34,35.384594
001461.jpg,40,32.49566
001462.jpg,30,29.336302
001463.jpg,24,20.737991
001464.jpg,34,24.634264
001465.jpg,19,24.47925
001466.jpg,36,26.03602
001467.jpg,40,35.05493
001468.jpg,27,33.639267
001469.jpg,9,20.961426
001470.jpg,23,27.449354
001471.jpg,27,30.424381
001472.jpg,52,45.49884
001473.jpg,13,21.31385
001474.jpg,23,23.544691
001475.jpg,90,86.277725
001476.jpg,46,40.844994
001477.jpg,32,36.51711
001478.jpg,33,39.09853
001479.jpg,47,44.279236
001480.jpg,14,14.561017
001481.jpg,40,31.635519
001482.jpg,9,7.2895327
001483.jpg,39,38.93574
001484.jpg,24,25.540934
001485.jpg,42,37.996513
001486.jpg,19,18.903355
001487.jpg,40,48.170624
001488.jpg,35,32.900948
001489.jpg,36,29.808203
001490.jpg,25,31.078737
001491.jpg,60,45.063904
001492.jpg,31,30.898458
001493.jpg,37,33.97665
001494.jpg,25,24.369606
001495.jpg,25,23.184694
001496.jpg,36,38.16049
001497.jpg,22,34.50102
001498.jpg,16,21.521309
001499.jpg,19,29.649141
001500.jpg,37,30.110195
001501.jpg,49,38.39376
001502.jpg,47,48.358776
001503.jpg,28,31.318476
001504.jpg,17,23.951578
001505.jpg,24,22.579414
001506.jpg,25,20.921274
001507.jpg,19,20.908092
001508.jpg,6,31.596647
001509.jpg,17,18.290373
001510.jpg,60,20.4779
001511.jpg,48,36.191654
001512.jpg,30,35.362137
001513.jpg,24,31.701818
001514.jpg,56,35.92735
001515.jpg,65,66.08658
001516.jpg,51,40.53023
001517.jpg,1,1.5999103
001518.jpg,40,39.21141
001519.jpg,17,23.667515
001520.jpg,30,21.971647
001521.jpg,48,40.572826
001522.jpg,9,3.9861715
001523.jpg,10,11.703712
001524.jpg,25,27.683844
001525.jpg,16,23.224623
001526.jpg,56,42.65388
001527.jpg,49,40.96304
001528.jpg,31,23.00552
001529.jpg,20,34.132347
001530.jpg,50,47.378437
001531.jpg,18,34.548264
001532.jpg,49,40.857807
001533.jpg,22,27.207993
001534.jpg,44,33.063145
001535.jpg,70,67.84791
001536.jpg,51,50.93683
001537.jpg,1,0.0
001538.jpg,9,13.143936
001539.jpg,44,38.182827
001540.jpg,30,26.00274
001541.jpg,14,17.172571
001542.jpg,15,30.445162
001543.jpg,7,8.554527
001544.jpg,15,19.816153
001545.jpg,58,50.5228
001546.jpg,20,17.116219
001547.jpg,32,20.384502
001548.jpg,20,24.072294
001549.jpg,32,29.322968
001550.jpg,26,29.179457
001551.jpg,26,28.026592
001552.jpg,47,35.703827
001553.jpg,41,24.47653
001554.jpg,45,40.555912
001555.jpg,23,29.828222
001556.jpg,4,4.6440835
001557.jpg,17,12.305624
001558.jpg,12,8.475805
001559.jpg,16,15.079727
001560.jpg,28,30.602018
001561.jpg,44,47.188034
001562.jpg,22,23.156055
001563.jpg,21,36.056225
001564.jpg,19,20.236597
001565.jpg,21,21.317848
001566.jpg,11,25.300165
001567.jpg,28,36.097958
001568.jpg,30,20.880383
001569.jpg,34,38.49684
001570.jpg,34,37.24751
001571.jpg,30,30.175608
001572.jpg,7,12.769181
001573.jpg,20,20.506926
001574.jpg,37,24.857286
001575.jpg,4,10.18501
001576.jpg,57,51.77337
001577.jpg,48,43.810223
001578.jpg,36,31.996967
001579.jpg,15,29.44033
001580.jpg,30,32.518566
001581.jpg,40,39.107674
001582.jpg,47,44.478218
001583.jpg,26,38.353436
001584.jpg,28,32.023838
001585.jpg,30,33.57318
001586.jpg,13,17.217005
001587.jpg,23,32.00998
001588.jpg,33,38.450302
001589.jpg,1,1.4607464
001590.jpg,15,19.262678
001591.jpg,28,37.54123
001592.jpg,38,32.18375
001593.jpg,27,28.17505
001594.jpg,50,46.8337
001595.jpg,28,30.714516
001596.jpg,20,16.627266
001597.jpg,53,50.639194
001598.jpg,22,26.855707
001599.jpg,53,47.966595
001600.jpg,37,39.220284
001601.jpg,17,35.534485
001602.jpg,65,55.620415
001603.jpg,26,21.670977
001604.jpg,30,32.185295
001605.jpg,14,19.986837
001606.jpg,22,29.418245
001607.jpg,32,34.470016
001608.jpg,27,26.821482
001609.jpg,75,75.78245
001610.jpg,41,25.074894
001611.jpg,60,63.756226
001612.jpg,16,24.056871
001613.jpg,47,40.802723
001614.jpg,28,30.561829
001615.jpg,26,30.215595
001616.jpg,11,13.13627
001617.jpg,25,19.980278
001618.jpg,27,24.999292
001619.jpg,1,0.0
001620.jpg,1,1.9004261
001621.jpg,36,26.514982
001622.jpg,25,27.96451
001623.jpg,14,19.064241
001624.jpg,19,32.16811
001625.jpg,30,28.451504
001626.jpg,25,24.296322
001627.jpg,15,21.605707
001628.jpg,25,29.398129
001629.jpg,24,28.0618
001630.jpg,16,17.40875
001631.jpg,37,29.45799
001632.jpg,28,26.070724
001633.jpg,30,33.710854
001634.jpg,50,35.262466
001635.jpg,27,32.925903
001636.jpg,29,40.92505
001637.jpg,26,33.231304
001638.jpg,24,21.915035
001639.jpg,61,59.906948
001640.jpg,30,31.347004
001641.jpg,16,20.203571
001642.jpg,16,22.041903
001643.jpg,37,36.714832
001644.jpg,55,30.061909
001645.jpg,42,34.985878
001646.jpg,5,8.205129
001647.jpg,67,57.11606
001648.jpg,26,32.943405
001649.jpg,4,6.227009
001650.jpg,31,34.381184
001651.jpg,29,29.438488
001652.jpg,25,26.71986
001653.jpg,41,25.281935
001654.jpg,37,26.45949
001655.jpg,15,11.335083
001656.jpg,18,24.4379
001657.jpg,30,23.798225
001658.jpg,46,40.443676
001659.jpg,47,44.37582
001660.jpg,24,14.209261
001661.jpg,18,23.826374
001662.jpg,25,32.42838
001663.jpg,13,20.197062
001664.jpg,28,20.933489
001665.jpg,34,36.39082
001666.jpg,40,29.388828
001667.jpg,24,24.318924
001668.jpg,45,34.970486
001669.jpg,26,30.331575
001670.jpg,35,34.88445
001671.jpg,19,26.127636
001672.jpg,57,41.8316
001673.jpg,63,52.597057
001674.jpg,57,54.656006
001675.jpg,75,53.58351
001676.jpg,17,16.41202
001677.jpg,23,29.631077
001678.jpg,19,23.062994
001679.jpg,6,4.0417924
001680.jpg,24,26.826548
001681.jpg,14,23.009445
001682.jpg,60,57.003223
001683.jpg,17,21.631306
001684.jpg,25,29.231947
001685.jpg,20,26.330048
001686.jpg,7,18.888288
001687.jpg,32,32.386852
001688.jpg,45,36.53018
001689.jpg,5,18.211708
001690.jpg,7,14.099999
001691.jpg,20,9.159732
001692.jpg,26,29.837719
001693.jpg,14,25.06119
001694.jpg,3,7.248301
001695.jpg,62,37.0644
001696.jpg,20,18.519938
001697.jpg,18,26.122997
001698.jpg,36,25.88895
001699.jpg,17,22.336155
001700.jpg,30,17.642931
001701.jpg,46,38.09717
001702.jpg,42,30.066704
001703.jpg,5,7.847095
001704.jpg,14,19.900715
001705.jpg,49,39.871784
001706.jpg,53,33.058712
001707.jpg,33,28.541063
001708.jpg,70,45.339947
001709.jpg,35,33.17372
001710.jpg,18,32.987514
001711.jpg,45,39.01394
001712.jpg,4,8.030952
001713.jpg,13,23.601011
001714.jpg,51,43.024223
001715.jpg,59,39.88067
001716.jpg,50,46.503284
001717.jpg,16,20.868155
001718.jpg,18,16.165691
001719.jpg,21,30.436176
001720.jpg,25,29.3535
001721.jpg,70,56.067326
001722.jpg,4,11.674974
001723.jpg,44,34.112038
001724.jpg,23,27.592236
001725.jpg,60,60.49609
001726.jpg,6,6.76005
001727.jpg,52,37.561848
001728.jpg,24,37.8967
001729.jpg,50,49.040596
001730.jpg,35,36.322937
001731.jpg,20,27.914011
001732.jpg,25,31.060202
001733.jpg,30,36.56866
001734.jpg,1,6.14429
001735.jpg,24,25.436483
001736.jpg,47,32.252663
001737.jpg,50,53.533768
001738.jpg,36,30.641201
001739.jpg,24,26.74507
001740.jpg,25,30.421818
001741.jpg,14,20.232916
001742.jpg,4,41.815292
001743.jpg,23,26.264944
001744.jpg,27,28.772453
001745.jpg,39,27.608667
001746.jpg,19,19.546116
001747.jpg,25,25.085121
001748.jpg,23,23.255812
001749.jpg,22,26.402658
001750.jpg,25,24.182032
001751.jpg,16,28.44156
001752.jpg,13,11.064752
001753.jpg,8,4.8148284
001754.jpg,27,21.103844
001755.jpg,37,40.25253
001756.jpg,60,50.47928
001757.jpg,40,37.484745
001758.jpg,24,16.313602
001759.jpg,68,40.622135
001760.jpg,5,26.72062
001761.jpg,40,35.810356
001762.jpg,28,23.261103
001763.jpg,18,26.566355
001764.jpg,21,21.892355
001765.jpg,14,21.066622
001766.jpg,57,49.81156
001767.jpg,25,32.44802
001768.jpg,29,27.710339
001769.jpg,18,21.968708
001770.jpg,20,16.477295
001771.jpg,19,17.39848
001772.jpg,10,10.855544
001773.jpg,26,27.596481
001774.jpg,9,14.40162
001775.jpg,25,31.415714
001776.jpg,43,33.82019
001777.jpg,70,60.06771
001778.jpg,42,47.78666
001779.jpg,5,5.261981
001780.jpg,53,44.940903
001781.jpg,27,27.033499
001782.jpg,28,27.20455
001783.jpg,24,38.226665
001784.jpg,41,34.113674
001785.jpg,23,31.686998
001786.jpg,27,34.39044
001787.jpg,20,18.819534
001788.jpg,24,28.145765
001789.jpg,23,22.637936
001790.jpg,25,25.112312
001791.jpg,6,31.423622
001792.jpg,38,49.763927
001793.jpg,5,33.197372
001794.jpg,35,40.767704
001795.jpg,48,37.04668
001796.jpg,48,45.387745
001797.jpg,27,21.681112
001798.jpg,19,25.906721
001799.jpg,7,19.348137
001800.jpg,53,45.530235
001801.jpg,41,40.1287
001802.jpg,65,61.730186
001803.jpg,45,36.689266
001804.jpg,88,79.5041
001805.jpg,5,2.9733372
001806.jpg,39,40.504128
001807.jpg,60,55.55254
001808.jpg,4,5.9693565
001809.jpg,8,24.020176
001810.jpg,30,33.973206
001811.jpg,23,31.290384
001812.jpg,34,27.36813
001813.jpg,25,26.61671
001814.jpg,36,33.51498
001815.jpg,29,25.13645
001816.jpg,29,34.92669
001817.jpg,37,35.773296
001818.jpg,37,35.38423
001819.jpg,30,23.921753
001820.jpg,48,51.984688
001821.jpg,58,52.955284
001822.jpg,34,37.524548
001823.jpg,33,27.276737
001824.jpg,50,39.264122
001825.jpg,30,17.283674
001826.jpg,23,25.130253
001827.jpg,15,25.21256
001828.jpg,55,52.989372
001829.jpg,30,26.970295
001830.jpg,28,37.371178
001831.jpg,28,22.4617
001832.jpg,44,37.95115
001833.jpg,66,56.870422
001834.jpg,36,36.491474
001835.jpg,10,22.966413
001836.jpg,26,38.711117
001837.jpg,36,36.83034
001838.jpg,30,41.810417
001839.jpg,58,42.88516
001840.jpg,38,28.226818
001841.jpg,4,8.09704
001842.jpg,45,37.510136
001843.jpg,15,17.186527
001844.jpg,27,33.180473
001845.jpg,6,11.339201
001846.jpg,34,33.822994
001847.jpg,16,18.970255
001848.jpg,32,35.428772
001849.jpg,25,18.607933
001850.jpg,30,34.0008
001851.jpg,21,18.774586
001852.jpg,23,24.676947
001853.jpg,64,45.462
001854.jpg,30,14.480067
001855.jpg,30,37.726048
001856.jpg,40,39.372448
001857.jpg,24,26.81243
001858.jpg,25,29.895502
001859.jpg,8,9.733282
001860.jpg,51,31.914783
001861.jpg,1,0.0
001862.jpg,2,6.8800316
001863.jpg,23,32.344177
001864.jpg,13,16.696789
001865.jpg,22,23.843874
001866.jpg,32,31.487257
001867.jpg,40,35.69638
001868.jpg,49,40.688503
001869.jpg,6,22.88826
001870.jpg,25,20.123213
001871.jpg,24,28.562311
001872.jpg,4,15.304095
001873.jpg,39,36.016827
001874.jpg,72,53.2396
001875.jpg,34,30.347992
001876.jpg,25,24.414988
001877.jpg,17,19.737885
001878.jpg,25,29.735374
001879.jpg,60,57.468388
001880.jpg,45,32.347378
001881.jpg,22,20.12536
001882.jpg,20,21.55874
001883.jpg,90,61.243603
001884.jpg,20,21.492176
001885.jpg,17,19.145527
001886.jpg,15,22.272598
001887.jpg,34,28.834389
001888.jpg,33,19.075697
001889.jpg,22,27.15262
001890.jpg,5,5.5302095
001891.jpg,3,2.9856155
001892.jpg,30,27.41246
001893.jpg,22,31.36746
001894.jpg,28,28.362194
001895.jpg,29,32.131092
001896.jpg,17,22.027916
